{
  "timestamp": "2025-12-01T15:58:28.079647",
  "config": {
    "context_dim": 768,
    "embed_dim": 768,
    "num_layers": 6,
    "num_input_tokens": 1,
    "dist_reg_weight": 0.9,
    "phase1_max_iterations": 3,
    "phase1_learning_rate": 0.002
  },
  "algorithm_descriptions": {
    "MCDL": "Mean-Centered Dispersion Loss (\u73fe\u884c)",
    "ODCM": "Off-Diagonal Covariance Minimization (VICReg\u98a8)",
    "DUE": "Dimension Usage Entropy (\u6b21\u5143\u6d3b\u6027\u5ea6\u5747\u4e00\u5316)",
    "CTM": "Covariance Trace Maximization (\u7d71\u8a08\u7684\u5206\u6563)",
    "UDEL": "Uniform Distribution Entropy Loss (Barlow Twins\u98a8)",
    "SDL": "Spectral Diversity Loss (ER\u76f4\u63a5\u6700\u5927\u5316, \u9ad8\u30b3\u30b9\u30c8)"
  },
  "results": [
    {
      "algorithm": "MCDL",
      "num_samples": 2,
      "num_train_tokens": 2118,
      "num_val_tokens": 31024,
      "train_er": 343.55438232421875,
      "train_er_pct": 44.733643531799316,
      "val_er": 52.15766143798828,
      "val_er_pct": 6.791362166404724,
      "train_time_sec": 9.416181087493896,
      "avg_loss_time_ms": 1.459670000000024
    },
    {
      "algorithm": "ODCM",
      "num_samples": 2,
      "num_train_tokens": 2118,
      "num_val_tokens": 31024,
      "train_er": 182.3275604248047,
      "train_er_pct": 23.740567763646446,
      "val_er": 19.778873443603516,
      "val_er_pct": 2.575374146302541,
      "train_time_sec": 9.158122062683105,
      "avg_loss_time_ms": 18.537795000002077
    }
  ]
}