{
  "timestamp": "2025-11-27T15:09:57.980911",
  "config": {
    "num_layers": 3,
    "context_dim": 768,
    "phase1_max_iterations": 10,
    "phase1_learning_rate": 0.002,
    "dist_reg_weight": 0.5,
    "val_convergence_trials": 10
  },
  "sample_sizes": [
    10,
    25,
    50,
    100,
    200,
    500
  ],
  "results": [
    {
      "num_samples": 10,
      "num_train_tokens": 1280,
      "num_val_tokens": 1280,
      "train_time_sec": 2.0089058876037598,
      "train_iterations": 9,
      "train_convergence_rate": 0.96328125,
      "train_effective_rank": 537.1947631835938,
      "train_effective_rank_percent": 69.94723478953043,
      "train_avg_distance": 38.8695182800293,
      "train_avg_cosine": 0.035468995571136475,
      "train_is_global_attractor": false,
      "val_status": "CONVERGED",
      "val_is_converging": true,
      "val_initial_loss": 0.000644196814391762,
      "val_final_loss": 1.1301735643263339e-13,
      "val_reduction_percent": 99.99999998245609,
      "val_slope": -4.2946454285358854e-05,
      "val_effective_rank": 546.9203491210938,
      "val_effective_rank_percent": 71.21358712514242,
      "val_avg_distance": 39.02985382080078,
      "val_avg_cosine": 0.031170904636383057,
      "val_is_global_attractor": false
    },
    {
      "num_samples": 25,
      "num_train_tokens": 3200,
      "num_val_tokens": 1280,
      "train_time_sec": 5.983420133590698,
      "train_iterations": 9,
      "train_convergence_rate": 0.9703125,
      "train_effective_rank": 586.5637817382812,
      "train_effective_rank_percent": 76.37549241383871,
      "train_avg_distance": 38.23980712890625,
      "train_avg_cosine": 0.06308171898126602,
      "train_is_global_attractor": false,
      "val_status": "CONVERGED",
      "val_is_converging": true,
      "val_initial_loss": 0.0005396049236878753,
      "val_final_loss": 1.0635004162040662e-13,
      "val_reduction_percent": 99.99999998029114,
      "val_slope": -3.597366157209658e-05,
      "val_effective_rank": 541.0297241210938,
      "val_effective_rank_percent": 70.44657866160074,
      "val_avg_distance": 38.49885940551758,
      "val_avg_cosine": 0.05347846448421478,
      "val_is_global_attractor": false
    },
    {
      "num_samples": 50,
      "num_train_tokens": 6400,
      "num_val_tokens": 1280,
      "train_time_sec": 9.426732778549194,
      "train_iterations": 9,
      "train_convergence_rate": 0.97625,
      "train_effective_rank": 602.6448974609375,
      "train_effective_rank_percent": 78.46938769022623,
      "train_avg_distance": 37.74052810668945,
      "train_avg_cosine": 0.08311007916927338,
      "train_is_global_attractor": false,
      "val_status": "CONVERGED",
      "val_is_converging": true,
      "val_initial_loss": 0.0005232049734331667,
      "val_final_loss": 9.675605179256322e-14,
      "val_reduction_percent": 99.99999998150705,
      "val_slope": -3.4880331555793466e-05,
      "val_effective_rank": 536.0159912109375,
      "val_effective_rank_percent": 69.79374885559082,
      "val_avg_distance": 38.05281066894531,
      "val_avg_cosine": 0.07040300965309143,
      "val_is_global_attractor": false
    },
    {
      "num_samples": 100,
      "num_train_tokens": 12800,
      "num_val_tokens": 1280,
      "train_time_sec": 21.726040840148926,
      "train_iterations": 9,
      "train_convergence_rate": 0.981796875,
      "train_effective_rank": 609.13720703125,
      "train_effective_rank_percent": 79.31474049886069,
      "train_avg_distance": 37.26255416870117,
      "train_avg_cosine": 0.10147937387228012,
      "train_is_global_attractor": false,
      "val_status": "CONVERGED",
      "val_is_converging": true,
      "val_initial_loss": 0.0004986122366972268,
      "val_final_loss": 9.526890588267348e-14,
      "val_reduction_percent": 99.99999998089318,
      "val_slope": -3.3240815773486624e-05,
      "val_effective_rank": 532.2888793945312,
      "val_effective_rank_percent": 69.30844783782959,
      "val_avg_distance": 37.54929733276367,
      "val_avg_cosine": 0.08909298479557037,
      "val_is_global_attractor": false
    },
    {
      "num_samples": 200,
      "num_train_tokens": 25600,
      "num_val_tokens": 1280,
      "train_time_sec": 44.49654984474182,
      "train_iterations": 9,
      "train_convergence_rate": 0.9896484375,
      "train_effective_rank": 607.7715454101562,
      "train_effective_rank_percent": 79.13691997528076,
      "train_avg_distance": 36.841514587402344,
      "train_avg_cosine": 0.11673395335674286,
      "train_is_global_attractor": false,
      "val_status": "CONVERGED",
      "val_is_converging": true,
      "val_initial_loss": 0.0004846097144763917,
      "val_final_loss": 9.201177282114684e-14,
      "val_reduction_percent": 99.99999998101322,
      "val_slope": -3.230731429230615e-05,
      "val_effective_rank": 528.5592651367188,
      "val_effective_rank_percent": 68.8228209813436,
      "val_avg_distance": 37.078948974609375,
      "val_avg_cosine": 0.10583999752998352,
      "val_is_global_attractor": false
    },
    {
      "num_samples": 500,
      "num_train_tokens": 64000,
      "num_val_tokens": 1280,
      "train_time_sec": 115.62025713920593,
      "train_iterations": 9,
      "train_convergence_rate": 0.994640625,
      "train_effective_rank": 604.2588500976562,
      "train_effective_rank_percent": 78.67953777313232,
      "train_avg_distance": 36.356239318847656,
      "train_avg_cosine": 0.1345110684633255,
      "train_is_global_attractor": false,
      "val_status": "CONVERGED",
      "val_is_converging": true,
      "val_initial_loss": 0.0004695844545494765,
      "val_final_loss": 8.770707006803755e-14,
      "val_reduction_percent": 99.9999999813224,
      "val_slope": -3.130563029738816e-05,
      "val_effective_rank": 524.2044677734375,
      "val_effective_rank_percent": 68.25579007466635,
      "val_avg_distance": 36.55501937866211,
      "val_avg_cosine": 0.12464679032564163,
      "val_is_global_attractor": false
    }
  ]
}