{
  "model_name": "new_llm_wikitext",
  "current_epoch": 27,
  "total_epochs": 50,
  "train_losses": [
    4.194903270213218,
    3.8563111985962837,
    3.789982930385898,
    3.7300033784083673,
    3.665512395382619,
    3.5845213900243027,
    3.527168586674364,
    3.4822500042019535,
    3.444133017749343,
    3.4112257952692553,
    3.3796683660759217,
    3.3386612026973563,
    3.30712450678101,
    3.2823060728206266,
    3.261708151218084,
    3.2431763632558335,
    3.22633625703805,
    3.210659372798606,
    3.1967700615870425,
    3.183291546325525,
    3.1708523721298345,
    3.158988824582402,
    3.1475470793671017,
    3.137152114965053,
    3.127010560496413,
    3.1168692304849466,
    3.1073036504755276
  ],
  "val_losses": [
    3.883556438214851,
    3.805262211597327,
    3.7398275765505704,
    3.6814152977683325,
    3.602806417869799,
    3.52858217123783,
    3.4810529578815808,
    3.4434715343244147,
    3.4110565864678586,
    3.3845281181913434,
    3.3532259290868587,
    3.320093636079268,
    3.292771337971543,
    3.273910294157086,
    3.2594758944077924,
    3.2443296259099785,
    3.2333571766362046,
    3.2236361864841347,
    3.2175452463554612,
    3.201452568805579,
    3.193690213290128,
    3.189279975313129,
    3.177959121357311,
    3.172280432961204,
    3.1648555856762512,
    3.156280383196744,
    3.1500884157238587
  ],
  "train_ppls": [
    66.34731350540156,
    47.290583653967914,
    44.2556448427566,
    41.67924897331491,
    39.07615347488338,
    36.036106350865325,
    34.027485213362354,
    32.532838812564904,
    31.31612115255865,
    30.302365999814825,
    29.361032384147666,
    28.181372293084326,
    27.306492837292275,
    26.63712908594047,
    26.09407171618347,
    25.614955067862876,
    25.18720826321784,
    24.795430267835105,
    24.453419465630798,
    24.126034962998297,
    23.827785843557322,
    23.546773968007003,
    23.27889321372042,
    23.038163304537278,
    22.80570127212047,
    22.575589919138945,
    22.360670859001317
  ],
  "val_ppls": [
    48.59673940457067,
    44.93703157915691,
    42.090732110066014,
    39.70254525157222,
    36.701088641246365,
    34.075619954441684,
    32.49391879675134,
    31.295412907318767,
    30.297239006562936,
    29.50406699826556,
    28.59482990942724,
    27.66294068655705,
    26.917357479315854,
    26.414425837670567,
    26.035888011532904,
    25.644512879614435,
    25.364667863163756,
    25.11929275344587,
    24.966757657859056,
    24.568191279012886,
    24.378222500398333,
    24.270945470211547,
    23.99772709185888,
    23.861837679478334,
    23.685323285889506,
    23.48308519847615,
    23.338127947200316
  ],
  "best_val_loss": 3.1500884157238587,
  "best_val_ppl": 23.338127947200316,
  "stopped_early": false,
  "config": {
    "vocab_size": 1000,
    "embed_dim": 256,
    "hidden_dim": 512,
    "num_layers": 6,
    "batch_size": 32,
    "learning_rate": 0.0001
  }
}